url,status,sha256,title
https://dm12388.com,200,5fdad7f5c37104e022bae7f0df21189b9cac6903e8da9e50a8be439d357f26f3,Mall
https://dm12388.com/,200,3a13561ca65980f0fb79b426261e1f1ca685972bb774676fb9027fa4ae636d53,Mall
https://dm12388.com/index.php/cart?lang=en,200,cc28b4f4239290e47c69ba195248e277e0d1d0e5def748367025f5dd2a818c4b,My Cart - Mall
https://dm12388.com/user.php,200,5dd89c68a9934d3fe49113997bbf86cf9219007b0842a8af8b7d60856546a957,
https://dm12388.com/index.php/article/list-1?lang=en,200,e7378570d2ffbc5250aa915d21ae9226851467c32d33482d2b3eef8226b6f7ca,Announcements - Mall
https://dm12388.com/index.php/product/109?lang=en,200,c66dffb2c90300833ee646e574afc789dd907b9ab98b5c5a6bff06e84b5ca55f,"VIMTAG 2.5K Indoor Camera – Pet, Dog, Cat &amp; Baby Monitor with Phone App, Audio &amp; Spe - Mall"
https://dm12388.com/index.php/product/74?lang=en,200,c6bd50798149e811886620c44f0db26f155ca9a890335147266688e3edb6538f,Angelcare Baby Bath Support (Gray) | Ideal for Babies Less Than 6 Months Old - Mall
https://dm12388.com/index.php/product/95?lang=en,200,cd5d4060e5cdd828e4304523b845baef86b56a53dcd9dbcd9dbcb30beb814ada,"PRIORI Skincare Mineral Foundation, Natural Loose Make Up Powder, Sunscreen Protection, Advanced Ski - Mall"
https://dm12388.com/index.php/product/98?lang=en,200,c08dcf781ec729aff01e26e20e0fb1cc8d5527eff25c913c02b62f08af6e9b17,"LULLAGE Micellar Water Makeup Remover – Cleanser with Niacinamide, Spirulina &amp; Glacier Water - Mall"
https://dm12388.com/index.php/product/117?lang=en,200,f6d63a9a834e4c34d4a63e127d5ad55c185a3eeef24e5234f65d0f68eef54654,"ThermoPro TP25 650FT Wireless Meat Thermometer with 4 Probes, Bluetooth Meat Thermometer for Cooking - Mall"
https://dm12388.com/index.php/product/73?lang=en,200,ae405d989798bc129a8bc53053f1b2bacf3f4568a7b4e23d3e880e58b7499d7a,"Busy Board, Montessori Toy for 1-3 Years Old, Wooden Toddler Sensory Travel Toy, Ideal Gift for 1+ Y - Mall"
https://dm12388.com/index.php/product/72?lang=en,200,de4a8bd5c7ccf197d68ed870b7234518d4d7d7ce12b0b342f0e4f1815bda0aeb,Kidoozie Ball Drop | Toddler Toy | Learning &amp; Developmental Tower | Activity &amp; Educa - Mall
https://dm12388.com/index.php/product/71?lang=en,200,a4640e2ea0c0c48d6b5e998e9a2157fd513795f7666683235a2387e4985a44aa,"DIY Smartphone Projector, Mini DIY Projector, Simple Portable Cardboard Beamer, Lightweight Cell Pho - Mall"
https://dm12388.com/index.php/product/list-47?lang=en,200,17b4ab9de147d83f9c882dc777cd6e8deae393b54778fcc1c46310427c248237,recommend - Mall
https://dm12388.com/index.php/product/124?lang=en,200,341f3aca8a23cf416e372171fce29bc5e3a55b7218c192124fdbb9ee907d77bd,Salvatore Ferragamo Studio soft bag (M) - Mall
https://dm12388.com/index.php/product/123?lang=en,200,671a7855d099b749748105829e9d64816ebbe3b51e57277677d3119ddc7c1b0d,FENDI Baguette Chain Large Black leather bag - Mall
https://dm12388.com/index.php/product/122?lang=en,200,e0ec25962620bfb385a80a755c1d18a255939c8cab583e85f41685335c94ac00,"Rado DiaStar Original Swiss Automatic Watch with Stainless Steel Strap, Gold, 21 (Model: R12064253) - Mall"
https://dm12388.com/index.php/product/121?lang=en,200,9692078790e7abb9ddf543045d1af2202dc4459678594d721e02f848593191f5,Dazzlingrock Collection 1.15 Cttw 14K Solid Gold Round White Diamond Womens Bridal Vintage Style Hal - Mall
https://dm12388.com/index.php/product/120?lang=en,200,80aa33db737ccae707fd30c388c183e65ffeaf4070ab5fea785489414dddc305,Dazzlingrock Collection Round Gemstone or Diamond Dual Row Studded Wedding Band for Him in 10K/14K/1 - Mall
https://dm12388.com/index.php/product/119?lang=en,200,2152a880bb10401bf1a6e2b1af914f20f1decc404fadeabd32cbb843207b7866,"3.5 Carat Diamond Circle Link Bracelet For Women In Heavy 14k White Gold, 7 Inches - Mall"
https://dm12388.com/index.php/product/118?lang=en,200,cec16ad274a57095b181bb1936599b47079e0ed71d3c20e63cc01111f0a226e6,"ThermoPro TP25 650FT Wireless Meat Thermometer with 4 Probes, Bluetooth Meat Thermometer for Cooking - Mall"
https://dm12388.com/user.php?mod=order&lang=en,200,5dd89c68a9934d3fe49113997bbf86cf9219007b0842a8af8b7d60856546a957,
https://dm12388.com/user.php?lang=en,200,5dd89c68a9934d3fe49113997bbf86cf9219007b0842a8af8b7d60856546a957,
https://dm12388.com/index.php/product/list?lang=en,200,d94f9a1595eaa63fbd202b51c25052a502fab4192eb5a64675adbaaee48120ec,Mall
https://dm12388.com/index.php/product/list-47?lang=en&brand=4,200,01e98fea5654ea7869bb11a8fc2a0b4bb9636ad0eee7ec64d523da980de42796,recommend - Mall
https://dm12388.com/index.php/product/list-47?lang=en&orderby=sellnum_desc,200,3f5f9e376b3e47eb5c08337d7e3e5589c87e52a64b6e67f61d135508b1c8985c,recommend - Mall
https://dm12388.com/index.php/product/list-47?lang=en&orderby=clicknum_desc,200,1d75c0a6221bba2116c94dbdf0474bc8b2723bc25eb20703eab005de210ab343,recommend - Mall
https://dm12388.com/index.php/product/list-47?lang=en&orderby=commentnum_desc,200,1ea0144d7edfaf704b43b1b9e5760c0730788457f20455904852664d910ccecb,recommend - Mall
https://dm12388.com/index.php/product/list-47?lang=en&orderby=money_desc,200,ded87ca4061306096cb5de3f755c8b4fa2d2ccabb3a210b7e71eceb2b557c8f4,recommend - Mall
https://dm12388.com/index.php/product/list-47?lang=en&orderby=money_asc,200,cdc4c99747a0b56b4beaae45215a349cedd49a28cec7d89700f51f552a00ca7b,recommend - Mall
https://dm12388.com/index.php/product/116?lang=en,200,4added66319f3f28080275a63bea415f19b5dc3029de6c9e5f4da04b90f78d77,"BFOUR Meat Thermometer Wireless Bluetooth, LCD Digital Meat Thermometer with Dual Probe, Wireless Re - Mall"
https://dm12388.com/index.php/product/115?lang=en,200,1d90551e5f54ddba6e7aea77eeda4fb828c2dac7cf05d7d224c2426ff3d84eb4,"Anova Culinary Sous Vide Precision Cooker 2.0 (WiFi), 1000 Watts - Mall"
https://dm12388.com/index.php/product/114?lang=en,200,4242f18f71e5fe28bd22e45aa0d4fdc8ec7c2151dfe33b10094fe28a6dcb9e75,"Govee Bluetooth Meat Thermometer, Wireless Meat Thermometer for Smoker Oven, Digital Grill Thermomet - Mall"
https://dm12388.com/index.php/product/113?lang=en,200,c707a66612b9a9d36b813197193141438e33d752742d0f348bb72826b9d4e547,"LEVOIT Smart Humidifiers for Bedroom Large Room Home,(6L) Cool Mist Top Fill Essential Oil Diffuser - Mall"
https://dm12388.com/index.php/product/112?lang=en,200,2b07e76f7af57c608cf3b0fc44283f17c3f097d85f2c08fc3ea03380555dc21c,"LEVOIT Air Purifiers for Home, Large Room Up to 2933 Ft² With HEPA Sleep Mode, AHAM VERIFIDE, Smart - Mall"
